group	search	type	title	artist	seconds	has_page	web_plain	web_ms	web_kb	android_7.21.50_status	android_7.21.50_timed	android_7.21.50_lines	android_7.21.50_ms	android_7.21.50_kb	android_8.30.54_status	android_8.30.54_timed	android_8.30.54_lines	android_8.30.54_ms	android_8.30.54_kb	lrclib_raw	lrclib_clean	lrclib_search	lrclib_ms	lrclib_len_diff	offset_ms	matched_lines	offset_spread_ms	yt_source
pop	Blinding Lights The Weeknd	ATV	Blinding Lights	The Weeknd	202	yes	yes	259	2.5	200	yes	39	830	608.2	200	yes	39	512	915.8	yes			131	-2.0	130	33	100	Source: Musixmatch
pop	Shape of You Ed Sheeran	ATV	Shape of You	Ed Sheeran	234	yes	yes	359	4.5	200	yes	89	494	615.9	200	yes	89	560	932.6	yes			133	0.0	170	50	125	Source: Musixmatch
pop	bad guy Billie Eilish	ATV	bad guy	Billie Eilish	195	yes	yes	385	2.5	200	yes	53	568	609.7	200	yes	53	540	918.8	yes			134	-1.0	-10	49	30	Source: Musixmatch
pop	Levitating Dua Lipa	ATV	Levitating	Dua Lipa	204	yes	yes	355	4.2	200	yes	90	506	615.2	200	yes	90	585	931.7	yes			140	0.0	170	27	70	Source: LyricFind
pop	As It Was Harry Styles	ATV	As It Was	Harry Styles	168	yes	yes	267	2.5	200	yes	39	538	608.1	200	yes	39	536	915.6	yes			127	-1.0	90	36	85	Source: LyricFind
pop	Anti-Hero Taylor Swift	ATV	Anti-Hero	Taylor Swift	201	yes	yes	284	3.0	200	yes	54	552	615.6	200	yes	54	562	920.9	yes			141	0.0	-10	38	90	Source: Musixmatch
pop	Espresso Sabrina Carpenter	ATV	Espresso	Sabrina Carpenter	176	yes	yes	233	3.3	200	yes	57	475	610.8	200	yes	57	580	922.1	yes			134	0.0	-20	37	60	Source: LyricFind
rock-old	Bohemian Rhapsody Queen	ATV	Bohemian Rhapsody	Queen	355	yes	yes	250	3.2	200	yes	53	486	610.4	200	yes	53	564	920.9	yes			135	0.0	110	41	90	Source: Musixmatch
rock-old	Smells Like Teen Spirit Nirvana	ATV	Smells Like Teen Spirit	Nirvana	302	yes	yes	285	2.7	200	yes	46	482	608.9	200	yes	46	589	918.3	yes			131	-1.0	440	36	110	Source: LyricFind
rock-old	Hotel California Eagles	ATV	Hotel California	Eagles	392	yes	no	247	1.0	200	no	0	483	391.5	200	no	0	539	244.7	yes			129	-1.0				
rock-old	Wonderwall Oasis	ATV	Wonderwall	Oasis	259	yes	yes	660	2.7	200	yes	45	494	614.2	200	yes	45	652	917.6	yes			131	0.0	-1750	31	120	Source: Musixmatch
rock-old	Billie Jean Michael Jackson	ATV	Billie Jean	Michael Jackson	294	yes	yes	266	3.9	200	yes	66	558	612.4	200	yes	66	536	926.0	yes			136	0.0	-20	21	320	Source: Musixmatch
rock-old	Hey Jude The Beatles	ATV	Hey Jude	The Beatles	426	yes	yes	237	3.7	200	yes	68	515	612.5	200	yes	68	522	925.9	yes			144	2.0	-380	22	235	Source: Musixmatch
rock-old	Take On Me a-ha	ATV	Take on Me	a-ha	226	yes	yes	278	2.3	200	yes	49	495	609.0	200	yes	49	533	922.2	yes			180	-1.0	-105	14	95	Source: LyricFind
hip-hop	SICKO MODE Travis Scott	ATV	SICKO MODE	Travis Scott	313	yes	yes	309	5.4	200	yes	101	566	617.8	200	yes	101	2003	943.1	yes			140	0.0	-75	46	120	Source: LyricFind
hip-hop	HUMBLE. Kendrick Lamar	ATV	HUMBLE.	Kendrick Lamar	177	yes	yes	355	4.3	200	yes	51	512	611.2	200	yes	51	590	923.9	yes			135	0.0	10	24	115	Source: Musixmatch
hip-hop	Lose Yourself Eminem	ATV	Lose Yourself	Eminem	321	yes	no	252	1.0	200	no	0	493	391.5	200	no	0	482	249.8	yes			149	-1.0				
hip-hop	God's Plan Drake	ATV	God's Plan	Drake	199	yes	yes	266	3.1	200	yes	54	481	610.4	200	yes	54	603	925.5	yes			126	0.0	0	51	0	Source: LyricFind
hip-hop	Plug Walk Rich The Kid	ATV	Plug Walk	Rich The Kid	176	yes	yes	243	3.3	200	yes	41	560	609.5	200	yes	41	622	918.2	yes			133	-1.0	-1080	36	285	Source: LyricFind
russian	Каста Вокруг шум	ATV	Вокруг шум	Каста	214	yes	yes	264	5.9	200	yes	80	567	615.9	200	yes	80	601	936.1	yes			383	-1.0	0	79	20	Source: Musixmatch
russian	Кино Группа крови	ATV	Группа крови	Кино	285	yes	yes	255	2.6	200	no	0	598	604.0	200	no	0	543	907.4	no (503)	yes		866	-1.0				
russian	Земфира Хочешь	ATV	ХОЧЕШЬ?	Земфира	198	yes	yes	250	2.3	200	yes	26	593	606.7	200	yes	26	543	912.9	yes			133	0.0	-110	19	90	Source: Musixmatch
russian	Сплин Выхода нет	ATV	Выхода нет	Сплин	228	yes	yes	426	2.9	200	yes	37	1204	608.6	200	yes	37	549	916.7	yes			138	0.0	0	35	40	Source: Musixmatch
russian	Баста Сансара	ATV	Сансара (feat. Сергей Бобунец, Диана Арбенина, Александр Ф. Скляр & Sunsay)	Баста	363	yes	yes	236	4.5	200	yes	55	477	611.8	200	yes	55	582	925.6	no (503)	no (503)	yes	906	0.0	-1060	27	310	Source: LyricFind
russian	Мумий Тролль Владивосток 2000	ATV	Владивосток 2000	Мумий Тролль	162	yes	yes	257	3.1	200	yes	37	582	608.6	200	yes	37	561	917.7	yes			126	0.0	0	34	40	Source: Musixmatch
russian	Макс Корж Малиновый закат	ATV	Малиновый закат	Макс Корж	178	yes	yes	310	3.9	200	yes	36	572	609.4	200	yes	36	703	924.5	yes			132	0.0	10	19	200	Source: Musixmatch
russian	Монеточка Каждый раз	ATV	Каждый раз	монеточка	209	yes	yes	247	4.5	200	yes	45	502	610.6	200	yes	45	620	923.0	no (503)	no (503)	yes	1671	0.0	170	43	80	Source: Musixmatch
russian	ЛСП Монетка	ATV	Monetka	LSP	201	yes	yes	251	5.8	200	yes	79	514	615.8	200	yes	79	604	934.7	no (404)	no (404)	no (200)	1208					Source: Musixmatch
k-pop	Dynamite BTS	ATV	Dynamite	BTS	200	yes	yes	257	3.8	200	yes	57	502	611.3	200	yes	57	535	923.7	yes			129	-1.0	290	56	95	Source: Musixmatch
k-pop	How You Like That BLACKPINK	ATV	How You Like That	BLACKPINK	182	yes	yes	276	3.3	200	yes	54	555	610.7	200	yes	54	648	921.6	yes			132	-1.0	-30	21	230	Source: Musixmatch
k-pop	Super Shy NewJeans	ATV	Super Shy	NewJeans	155	yes	yes	262	3.2	200	yes	47	535	615.1	200	yes	47	624	919.4	yes			497	0.0	-400	19	60	Source: LyricFind
latin	Despacito Luis Fonsi	ATV	Despacito	Luis Fonsi & Daddy Yankee	229	yes	yes	321	4.3	200	yes	80	470	614.5	200	yes	80	505	930.0	yes			132	-1.0		0		Source: LyricFind
latin	Tití Me Preguntó Bad Bunny	ATV	Tití Me Preguntó	Bad Bunny	244	yes	yes	265	4.2	200	yes	92	566	615.4	200	yes	92	578	932.0	yes			135	0.0	-380	29	90	Source: LyricFind
other	Alors on danse Stromae	ATV	Alors on danse (Radio Edit)	Stromae	208	yes	yes	246	2.8	200	yes	67	566	611.6	200	yes	67	540	923.2	yes			134	-2.0	0	61	30	Source: Musixmatch
other	Du hast Rammstein																											
video	Gangnam Style PSY official video	UGC	PSY - GANGNAM STYLE (Official Music Video)	WeAreTheMusicBosses	253	yes	no	285	1.0	200	no	0	485	391.5	200	no	0	441	244.4	no (404)	no (404)	no (503)	1217					
video	Rick Astley Never Gonna Give You Up official video	OMV	Never Gonna Give You Up	Rick Astley	214	yes	no	245	1.0	200	no	0	454	396.8	200	no	0	430	244.4	no (404)	yes		824	0.0				
video	The Weeknd Blinding Lights official video	OMV	Blinding Lights (Official Video)	The Weeknd	263	yes	no	461	1.0	200	no	0	818	396.8	200	no	0	409	244.5	no (404)	yes		554	0.0				
live	Queen Bohemian Rhapsody Live Aid 1985	UGC	Queen - Live Aid 1985 Full Concert	uploader.JP8	1266	yes	no	233	1.0	200	no	0	491	396.8	200	no	0	441	244.6	no (404)	no (404)	no (503)	1280					
live	Nirvana Where Did You Sleep Last Night MTV Unplugged	OMV	Where Did You Sleep Last Night (Live On MTV Unplugged, 1993 / Unedited)	Nirvana	412	yes	no	262	1.0	200	no	0	567	391.6	200	no	0	1313	244.8	no (503)	no (503)	yes	919	-3.0				
